id;name;created_by;created_date;update_date;update_by
1;provided quarterly freelance;32681;2023-12-23T14:23:12;2023-12-23T21:32:18;2967
2;intensely victoriously behind;711;2023-12-23T17:39:56;2023-12-23T22:01:21;21817
3;merrily why;23841;2023-12-23T15:18:48;2023-12-24T05:47:04;13143
4;once;4609;2023-12-23T19:15:17;2023-12-23T13:00:48;9177
5;fizzle urge project;23890;2023-12-23T23:03:00;2023-12-23T23:19:00;18848
6;duh;397;2023-12-24T11:00:43;2023-12-24T00:56:22;16420
7;amidst consequently;1776;2023-12-24T07:44:08;2023-12-23T19:32:52;3005
8;blindly peep rabbit;16458;2023-12-24T06:31:04;2023-12-23T23:05:14;25433
9;shakily;18249;2023-12-24T08:50:01;2023-12-23T13:02:25;10473
10;like;8110;2023-12-24T10:31:21;2023-12-24T12:30:54;11644
